Alpha,IC,ICIR,Sharpe,WinRate,Turnover,AnnReturn
alpha_reversal_5d,0.01511674252882253,0.07017042882148428,0.6409357876285506,0.4952076677316294,0.6302921096704286,0.07118909931697111
alpha_momentum_21d,-0.00414433547428144,-0.0189968933194115,-0.192249799450593,0.5161812297734628,0.29880603784083726,-0.02218226611746951
alpha_momentum_126d,0.009693944811837451,0.0407904375409814,0.19014043969344596,0.5419982316534041,0.111059906726317,0.0192336978744539
alpha_volatility_20d,-3.081129213333592e-05,-0.0001189870342043117,-0.7872648949524534,0.4826192400970089,0.12538326180821174,-0.10326280702743483
alpha_rsi_14,0.002087461408820302,0.01038356453251882,0.310017682225377,0.4919614147909968,0.3697294764124419,0.027704536675533162
alpha_return_on_assets,0.0015336351613776398,0.014079520847508502,-0.5273921588104645,0.49482895783611774,0.025920175022181885,-0.025571023469472636
alpha_gross_margin,0.000469428524374813,0.002504645960587582,-0.5638645628379394,0.4900556881463803,0.003966798583024828,-0.05020389185285825
alpha_mom_vol,-0.002301459828481923,-0.011090513271784728,-0.36973174413582877,0.5161812297734628,0.3056599890708478,-0.033027872506795536
