Alpha,IC,ICIR,Sharpe,WinRate,Turnover,AnnReturn
alpha_reversal_5d,0.01511674252882253,0.07017042882148428,0.6409357876285506,0.4952076677316294,0.6302921096704286,0.07118909931697111
